id,name,year,genre,joy,sadness,anger,love,fear,song_emotion,lyrics
6qcTBJCVLQwATrFFBapcyf,Can’t Get Enough,2019,Electronic,6,2,0,0,0,joy,"You the man
Mackin', mayhem, murder, milk, money
Mobbin', M&M, oh man
(I'm GRiZ)
Man, G is for what?
Keepin' it gutter
Time to boogie
I killed myself but I ain't dead
'Cause I love someone, don't love me back (shit!)
I love too much
I smoke too much
I drink too much
I work too much but it's not enough
I made a million, gon' make some more (yeah)
I got the keys, need to lock some doors (ha ha)
Can't let them in
Can't let them win
Can't block a square
And they won't stop until they see me sin
La la la la la
La la la la la
(Until they see me sin)
La la la la la
La la la la la
(And they won't stop until they see me sin)
La la la la la ('til they see me sin)
La la la la la ('til they see me sin)
La la la la la (and they won't stop, they won't stop)
La la la
Time to boogie
(La la la)
Boogie time
(La la la)
This world's on fire and I can't chill
'Cause I got too good at burning bridges I built (yeah)
We tear us down with hateful sounds
We lost our love and pray to God
Like ""Can you save me still?""
Life is rich, but we feel poor
We don't count our blessings, we ask for more
We just buy more stuff
Take more drugs
Take more love
And we don't give 'cause we ain't get enough
La la la la la
La la la la la
(We ain't get enough)
La la la la la
La la la la la
(We won't stop 'cause we ain't get enough)
La la la la la (we ain't get enough)
La la la la la (we ain't get enough)
La la la la la (we won't stop, we won't stop)
La la la
Time to boogie
(La la la)
Boogie time
(La la la)"
3ZdRd53sNTsVY3sLFoTriD,2012 Summer,2019,Hip-Hop,0,1,2,0,1,anger,"(High quality film, right?) Yo, yo, yo, ayy, it's like would you
Yo, yo, yo, ayy, it's like would you
Uh, ayy, no, not the same way
Whoa, ayy, yo, yo, whoa, whoa, ayy

It's like, would you love me? No, not the same way
If it get ugly, you know the gang way
Like, ""Show me off in public"", this a strange way
Like 2012 summer how I'm movin' in a straight eight
I hit you when I landed, lil' dummy, you a day late
I be here often, your city my vacay
I rocked with them last year, it's funny, we changed place
I'm only on cash shit, them niggas in eighth grade, yeah
Why they mad at Lucki? I'm a bodeine lover
My fans worry 'bout my health so I ain't sippin' in public
Momma told me 'bout myself, so I can't listen to nothing
I need grandma picture with me, I won't sip if she near me
I can't get a bitch the glory, this bitch think she a Britney
I got bitches on my story mad at me, but who isn't?
So shit hit me with ""What?"", you saw Sawbuck with who?
I got Perky on my mental, I won't give you a clue

Like would you, ayy, no the same way
If it get, ayy, ayy, you know the gang way
Like would you, ayy, ayy, no, not the, uh, yo
Like would you, uh, yo, yo, yo, yo
Ayy, like would you love me? No, not the same way
If it get ugly, you know the gang way
No, nothing from me, no, not the same way
Like would you, ayy, ayy, no, not the same way
Like would you, uhh"
4A1Egs5QQCHGClMB53HLGW,The Effects of Climate Change on Densely Populated Areas,2019,Hip-Hop,2,0,2,2,1,joy,"(Reporter speaks)

100 degrees at midnight for the third day in row
Nobody's sleepin' well and I can feel the tension growin'
LA with rollin' brownouts, rollin' papers and rollin' sixties
Heat exhaustion increasing caution across the city
Some people hit the mall, they're tryin' to stay cool
Some people call the cops; ""there's black children in the pool""
Everybody's lookin' sideways, we're ragin' on the highways
I hate it, I'm tryin' to stay hydrated and faded but my way
Is blocked by road construction like a scene from ""Falling Down""
Cops, they tryin' to function but it seems they takin' down us
Brown people at will, people get hot and then killed
As the sun begins to set it's hotter, no-one can chill
Everybody's windows open there's not a moment of silence
Alcohol heatin' frustration that's increasing domestic violence
9-1-1 is overwhelmed, homie, guess you on your own
The hills are still on fire, I recommend you stay at home

We got a heatwave
This burn, it's like a heatwave
Heatwave, burn it's like a heatwave
The heatwave, burn it's like a heatwave
It's like a heatwave

Now, Thes, man check this out
Karma's a bitch and so is LA
Crime always matters, but my rhyme pays
I'm drinkin' ice tea, might splash a little in it
Down the block they said the little homie did it
I hope he didn't, 'cause it's hot out here
Seen the worse of the heat, yet I have no fear
We blastin' P. E. in front of the enemy
From the days of Tom Bradley, y'all consider me
The owner of raptivity(?), known for bad activity
'Cause people they be pissin' me, and I'm off the stage
Pull out the steely dan, make your leg a peg
Nah, I'm just jokin', chokin' on a smokin' provokin'
Good vibes, good rhymes and such
Put on your visor with the tinted green in it
Yo, it's hot, B
No, it's hot, G
Yo, it's hot, B
And we watch the record spin

Heatwave
Burn, it's like a heatwave
Heatwave, burn it's like a heatwave
It's like a heatwave, burn it's like a heatwave
Heatwave

(news report)
I mean, I don't know what's going on, yeah
I mean I pay the bills, I don't know why it's not working
Uhm, try it again!
Alright, go!
Testing, 1, 2, 3"
01s1bKgpQm5JxuhVJSMf7T,Don't Ask Me Twice,2019,Electronic,3,2,1,0,1,joy,"I woke up
Dog was gone
I walked around
I felt alone

I don't know
(I don't know)
I don't know
(I don't know)
I don't know
(I don't know)
I don't know
(I don't know)

It's been a long, long, long, long time
I still don't know what's on my mind
It's been a long, long, long, long time
I am waiting for you to get out of my mind

Oh, I woke up
Felt alone
I counted hours in my head
I don't know

I don't know
(I don't know)
I don't know
(I don't know)
I don't know
(I don't know)
I don't know
(I don't know)

Oh, I woke up and I was scared
So I made my way down the stairs
And I thought, Hell, I need to get some rest
Oh, fuck, there goes my fucking head again
And I don't know what I'm doing anymore than I did
Yeah, you thought you knew
Well, I guess everybody did

I don't know
I don't know
I don't know

Take me to Hell
Take me straight up

Oh, I don't know what I want
But I know what I want
Oh, I don't know what I want
But I know what I want
Oh, I don't know what I want
But I know what I want
Oh, I don't know what I want
But I know what I want
Oh, I don't know what I want
But I know what I want
Oh, I don't know what I want
But I know what I want
Oh, I don't know what I want
But I know what I want
Oh, I don't know what I want
But I know what I want"
5FhI6DE7oGxMmqqHRT6qbg,New Ones (feat. NoCap),2019,Hip-Hop,4,6,2,0,0,sadness,"Vicasso on another one

Yeah, yeah, yeah, yeah, yeah
SephGotTheWaves
Whoa
Oh, I
Uh

Run around with them same niggas
I ain't thinking about hanging with new ones
I'll go dig up them old rods
I ain't thinking about buying no new guns
Stuck in the hood, this where my niggas died,
Kinda hard for me to move on
I'm tryna win, I ain't tryna see no tie
I ain't tryna put no suit on
I can buy a hundred steaks
And I still won't meet the cops
My jewelry Frosted Flakes,
I barely got time to see my pops
For the nigga who murdered Slim
No doorbell, I'ma knock 'em out
I'ma put this Glock to work
I just pray to God that he get out, yeah, yeah

Nigga damn near thought about killing myself
'Cause I ain't wanna turn twelve
When I was in the water drowning with them shark
They was thinking oh well
High-speed chase, went and got a room with my bitch,
Thinking will my ho tell?
Me and Joe Dirt locked in for life like we ain't got no bail
I'ma bring my mask out (Brrah)
Then go hunt for the opps, no Easter
See, my bank account got a new balance
I ain't talkin' about no sneaker
Spray 'em down with Clorox
Then make the haters go sit on the bleachers
No new friends like two twins,
I still run with the same people
Run around with them same niggas
I ain't thinking about hanging with new ones
I'll go dig up them old rods
I ain't thinking about buying no new guns
Stuck in the hood, this where my niggas died,
Kinda hard for me to move on
I'm tryna win, I ain't tryna see no tie
I ain't tryna put no suit on
I can buy a hundred steaks
And I still won't meet the cops
My jewelry Frosted Flakes,
I barely got time to see my pops
For the nigga who murdered Slim
No doorbell, I'ma knock 'em out
I'ma put this Glock to work
I just pray to God that he get out, yeah, yeah

Yeah, throwed all my kicks away
I got trust issues (Yeah), throwed all my kicks away
Even my Christian Loubs, but ay, that's how it be
I just didn't see it in you
(Didn't see it in you)
If I smoke cigarettes by the pack
I still won't play like it's cool (Play like it's cool)
I wanna take a trip to Arizona
'Cause all I think about is how I'ma put my hood on like Trayvon
In my zone, they tote automatics
I'ma tear Burnsville down
And I'ma name my projects AutoZone
Last night I couldn't hear
I was too busy thinking about death
Water deep, I shoulda been Michael after all this pain I felt, yeah
Everybody around me armed
Like they ain't got no legs
I told 'em to bear with me
But I had lost a couple Teds
I seen so many starvin'g
They took chances and went fed
Dreams of BET but I'm still in the hood tryna catch a bet
Spend a couple thousand on shoes
It's cool, we'll get it back tomorrow
Running with the semis since I was little
So we gon' pull up in Ferraris

Run around with them same niggas
I ain't thinking about hanging with new ones
I'll go dig up them old rods
I ain't thinking about buying no new guns
Stuck in the hood, this where my niggas died
Kinda hard for me to move on
I'm tryna win, I ain't tryna see no tie
I ain't tryna put no suit on
I can buy a hundred steaks
And I still won't meet the cops
My jewelry Frosted Flakes,
I barely got time to see my pops
For the nigga who murdered Slim
No doorbell, I'ma knock 'em out
I'ma put this Glock to work
I just pray to God that he get out, yeah, yeah"
5iws3klPhPLvXtVKL4YL9k,All On Mine,2019,Hip-Hop,0,1,7,0,0,anger,"These niggas been all up on my dick
These bitches been all up on my dick, oh-oh (Another Mike D exclusive)
KP On The Beat
These niggas been all up on my dick
These bitches been all up on my dick (The Heroes)

Left wrist and my right wrist damn I'm icy this a bust down
The foreign car, big body Benz, I drive it like I fucking stole it
I've been on my top alone and will still bust your shit wide open
These bitches been starvin' since I'm rich, these niggas been all up on my dick
Left wrist and my right wrist damn I'm icy this a bust down
The foreign car, big body Benz, I drive it like I fucking stole it
I've been on my top alone and will still bust your shit wide open
These bitches been starvin' since I'm rich, these niggas been all up on my dick

Slidin' with them sticks, tryna find a bitch and blitz
1106, chapo don't miss
Gon' knock your shit back keep talkin' that shit
And I've been plottin' tryna see who down to slide when pressure hit
If you act like a bitch, then you ain't with the shit
Nigga, get the fuck back 'fore somebody get hit
They like, ""God damn"", them bands, they stuffed all in my pants
I'm on Percocets and if I ain't, you know I'm full of Xans
Glock came with the beam, hold more then 16, no QB for the Rams
The Glock 19 with 30 underneath, this bitch won't jam
Two twenty-three, it go through trees, this bitch can flip a van
Can't forget about my Draco, this bitch'll make you dance
If you taking a piss and up this bitch, it'll make you shit your pants
I've been doing my shit, you on my dick, I know you been a fan

Left wrist and my right wrist damn I'm icy this a bust down
The foreign car, big body Benz, I drive it like I fucking stole it
I've been on my top alone and will still bust your shit wide open
These bitches been starvin' since I'm rich, these niggas been all up on my dick
Left wrist and my right wrist damn I'm icy this a bust down
The foreign car, big body Benz, I drive it like I fucking stole it
I've been on my top alone and will still bust your shit wide open
These bitches been starvin' since I'm rich, these niggas been all up on my dick

Oh, oh, a brand new Rollie
Oh, oh, a new foreign, I drive it like it's stolen
Oh, oh, a brand new Rollie
Oh, oh, a new foreign, I drive it like it's stolen
These niggas been all up on my dick
These bitches been all up on my dick
These niggas been callin' since I'm rich
These bitches been callin' since I'm rich
They been starvin' since I'm rich
These niggas been starvin' since I'm rich
AR came with no kick
So when I hit, bitch, I won't miss
Bitch, you was talkin' all that shit
Bitch, we gon' walk you down with sticks
I been all up on my shits
Oh, they been all up on my dick
I had a Swish when I was sick
Bang

Left wrist and my right wrist damn I'm icy this a bust down
The foreign car, big body Benz, I drive it like I fucking stole it
I've been on my top alone and will still bust your shit wide open
These bitches been starvin' since I'm rich, these niggas been all up on my dick
Left wrist and my right wrist damn I'm icy this a bust down
The foreign car, big body Benz, I drive it like I fucking stole it
I've been on my top alone and will still bust your shit wide open
These bitches been starvin' since I'm rich, these niggas been all up on my dick"
67NbLfQF1yClS82JWjQz8e,Aliens vs Indians,2019,Hip-Hop,4,2,10,0,1,anger,"Taking flight when that bass hit
We different, we different
Tractor beam to my spaceship
We different, we different
Drip, drip, we drippin'
We different, we different
We taking over just face it
Aliens! Indians!

I'm just rollin, rollin, rollin
Up in the clouds, I'm ghosting
The way my drank been flowing
Feel like poetry in motion
Don't make me go Hulk Hogan
Skoden been my slogan
If I live fast, I'll die young
If I live slow, I won't live none
Rez kids fill up the place
With an entourage, Vincent Chase
Fuck the fakes, pump your breaks
Sorry not sorry, FOH
I keep the drama out my diet
I'm thinkin' you should try it
Minay done picked up mileage
Paper planes on auto-pilot
Spoke with the big neechie
Told me watch out for the leechies
And for what its worth, I don't go to church
But I love the way he preaches
I earned my stripes, Adidas
Fuck you non-believers
SNRK been some Beasties Boy we bukwas's in sneakers
Cuz for life I'm rezzy. Forever, forever?
I snipe my shots like Wesley
Like I don't know no better
Outkast baby. I'm singing 'Hey Ya'
Hate the game baby
Don't hate the playa'

Taking flight when that bass hit
We different, we different
Tractor beam to my spaceship
We different, we different
Drip, drip, we drippin'
We different, we different
We taking over just face it
Aliens! Indians!

Two brown bitches in a Cadillac
Spittin' and sippin' we about to scrap
Two loud claps and a tiger strap
White boy stand down we about to snap

Bust through the matrix like a motherfuckin' glitch
Puffin' in the studio, like lemme make a hit
Goonda guerrillas blast Skoden in the whip
Skip town still got the city in my grip

Look me in the eye like an officer
I rap real good when i hear you slur
Goonda flow like a murderer
Finna stunt high key with the rings and fur

Brown like the dirt that bred and bore me
Sweat soaked t-shirt, cut and five three

Look us in the eye when you call us paki
This is how we rap we try to feel free

Fuck your bitch ass history
We got rough kin thugging in my family
Mixed like a mutt is my ancestry
Have you ever seen a bitch like me, EY

It's the Cartel with the Rez Kids
Need a black belt for the bizness
All my goonda gunners they be on the guestlist
Four brown kids lookin' suspicious

I fuck with my city I ride with my people
I run it, I cut it, my tip is illegal
I'll Bateman the bumpkin looking at me cockeyed
Might Mason the moron that calls me a Klondike

Mask on my face like doom when I rap
Ask for your race when I tap
Ask for the base in the track
Ask for the cat all the way in the back

I got the flex and i'm trappin' too hard
We be up next with the criminal clips
We got the bars and we talk the shit
Fuck with Madras if you dare, bitch

Taking flight when that bass hit
We different, we different
Trap the beam to my spaceship
We different, we different
Drip, drip, we drippin'
We different, we different
We taking over just face it
Aliens! Indians!

I've been up for days, I got messy braids
Morning breath in the afternoon
We jump the line, we the next to blow
I've seen bigger lines for the bathroom
No sleep for the trill, Trap moves!
808's and them rap goons
Bad dudes with some bad news
With some bad bitches in a bad mood
Energy, energy, energy
The smoke is heavy when I light the sage
Energy, energy, energy
Wildin' out when I hit the stage
Energy, energy, energy
Jump face first in a mosh pit
Energy, energy, energy
And crowd surf a tidal wave
My energy can be my enemy
When I'm peaking out like ketamine
Awe shit! My people are lit
I'm holdin' it down, but I'm losing my grip
In a mosh pit, I go savage and shit
Bangin' my head and I busted a lip
My skin red, I be talking my shit
And they throw my name at the blacklist?
We live boy, don't mess around with my vibe boy
100 deep in my tribe boy, half of that outside boy
Got ride or dies,
That's no surprise. Bad bitches that'll take your life
Type to take a knife to a gun fight if you ain't with it then bye boy

Taking flight when that bass hit
We different, we different
Tractor beam to my spaceship
We different, we different
Drip, drip, we drippin'
We different, we different
We taking over just face it
Aliens! Indians!

Taking flight when that bass hit
We different, we different
Tractor beam to my spaceship
We different, we different
Drip, drip, we drippin'
We different, we different
We taking over just face it
Aliens! Indians!"
4edFT7XYhwdnuRDECPQqGa,New Eyes - Acoustic,2019,Folk,4,2,0,0,0,joy,"Ocean breeze came cross the weather
 And it chilled us to our bones like
 You told me that it might get harder
 But you don't wanna be alone
 I must confess
 It's been a while and a lot's changed since
 Just haven't found me in the right place yet
 But if you call me then I might say yes
 Oh I might say yes
 I got new eyes
 Now I'm melting like the day I saw ya
 The first time back in '09 ('09)
 Was the wrong time
 We found our way to warmer weather
 Like July back in '09 ('09)
 The trees are full and the days are longer
 And we're sweating through our clothes, yeah
 You're far away out in Ohio
 And I don't wanna be alone
 I must confess
 It's been a while and a lot's changed since
 Just haven't found me in the right place yet
 But if you call me then I might say yes
 Oh I might say yes
 I got new eyes
 Now I'm melting like the day I saw ya
 The first time back in '09 ('09)
 Was the wrong time
 We found our way to warmer weather
 Like July back in '09 ('09)
 Summer weather
 Stay in love forever
 We're in summer weather
 Stay in love forever
 I got new eyes
 Now I'm melting like the day I saw ya
 The first time back in '09
 Was the wrong time
 We found our way to warmer weather
 Like July back in '09 ('09)
 Summer weather
 Stay in love forever
 We're in summer weather
 Stay in love forever
 We're in summer weather
 Stay in love forever
 We're in summer weather
 Stay in love forever"
7mj3oTUSVb9C4ydkaLPHjS,A Good Amount of Gay,2019,Pop,2,1,1,0,0,joy,"You know I'm not a good guy
And I get that you want to leave
Do I get to know why?
Call me Mr FOMO
Nothing but a low blow

Nothing good in goodbyes
I guess it wasn't meant to be
I'm more than just a FaceTime
Someone get an uber,
I'm nothing but a loser

Finish out the tissues in the backseat ah
Why you even crying?
Are you in denial?

You got daddy issues and you know I got mine
Blow each other kisses over fucking FaceTime

A good amount of gay but I walk a straight line
And when I bake a cake, man it tastes like sunshine
I got you a bouquet and it comes with calamine
Put it in your fridge, use it if you itch.
Do you even care?
Don't you even dare.

Disciple
A good amount of gay for the chapel
I'm hearing what you say its only babble
A good amount of grass for the cattle

So go and recycle, psycho.
A good amount of grey on your flannel
A good amount of snake for your rattle
A good amount of horse for your saddle"
44MqvTCcpMokT7CD3jNqoP,Ransom,2019,Electronic,0,3,1,0,1,sadness,"You are like a ransom note
If I give in will you come home?
I put everything I had
Into getting you back
I was only seventeen
And you were the air I breathe
I walked across a burning bridge
For you, for you

Those roads we walked I'll know forever
Those times we talked I still remember
Is it not enough that I
Paid with my heart once or twice
If I'm blind to who you are
Which of us was behind bars?
Oh, we were the price I paid
(We are, we are) The ransom
(The ransom, oh)

I tried to find a way to justify
Missing the signs I knew
My hands were tied the moment we met
And there was more to you
You were only seventeen
And I was your sick release
A hostage on a silver plate
To you, to you

Those roads we walked I'll know forever
Those times we talked I still remember
Is it not enough that I
Paid with my heart once or twice
If I'm blind to who you are
Which of us was behind bars?
Is it not enough that I
Barely got out with my life
I still carry every scar
The ransom
(The ransom)
(I still carry every scar)

Those roads we walked (we walked)
Those times we talked (we talked)"
72jGeL3qwyOrmByT0DUWdj,D.N.A. - Demon and Angel,2019,Rock,6,6,0,0,0,joy,"Stored in your essence
Demon and angel

In the chemical maze of divine life encoded
Wide ocean of truth, sins and lies
I will face the lost secret, the alchemical mirror
To finally know who am I

To transform my dark side
Into a fractal of light
Being demon and angel

(Inner voice) Don't hide it
(Inner choice) Behold it
(Light and shade) Survive it
D.N.A.
(Bravery) Accept it
(Synergy) Control it
(Mortal fate) Transform it
D.N.A.
(Inner voice) Don't hide it
(Inner choice) Behold it
(Light and shade) Survive it
D.N.A.
(Bravery) Accept it
(Synergy) Control it
(Mortal fate) Transform it
D.N.A.

No, there is no limit
For an old soul dreaming
Just a wide horizon
Mirrored in a diamond
I'd feed your fire
With a broken promise
I learned the lesson
To control my falling
To control my falling

Stored in your essence
Demon and angel

In the chemical maze of divine life encoded
Wide ocean of truth, sins and lies
I will face the lost secret, the alchemical mirror
To finally know who am I

To transform my dark side
Into a fractal of light
Being demon and angel

(Inner voice) Don't hide it
(Inner choice) Behold it
(Light and shade) Survive it
D.N.A.
(Bravery) Accept it
(Synergy) Control it
(Mortal fate) Transform it
D.N.A.

I won't harm your essence
Can't deny your presence
You'll remain a symptom
I will learn to hear you
I'd feed your fire
With a broken promise
I learned the lesson
To control my falling
To control my falling

Stored in your essence
Demon and angel

In the chemical maze of divine life encoded
Wide ocean of truth, sins and lies
I will face the lost secret, the alchemical mirror
To finally know who am I

To transform my dark side
Into a fractal of light
Being demon and angel

(Inner voice) Don't hide it
(Inner choice) Behold it
(Light and shade) Survive it
D.N.A.
(Bravery) Accept it
(Synergy) Control it
(Mortal fate) Transform it
D.N.A.

All hidden dangers are stored in your essence
Your karma, your choices, your range of action
All hidden dangers are stored in your essence
Your karma, your choices, your range of action
Evolution, hybrid nature

Stored in your essence
Demon and angel

In the chemical maze of divine life encoded
Wide ocean of truth, sins and lies
I will face the lost secret, the alchemical mirror
To finally know who am I
In the chemical maze of divine life encoded
Wide ocean of truth, sins and lies
I will face the lost secret, the alchemical mirror
To finally know who am I

To transform my dark side
Into a fractal of light
Being demon and angel"
5f4a8LWYVgk4WEQyQhuOwU,Yes & No,2019,Pop,6,0,0,0,0,joy,"Here I am sitting again on the floor in the space of my basement
 Under my breath, I'm reciting the prayer
 I keep on praying
 Déjà vu, me and You (yuh)
 On my knees, yeah, it's true
 God, can't You see in the middle of me
 In between, I am breaking?
 How can I get You to change Your mind?
 That's all I'm sayin'
 Déjà vu, beggin' You (yuh)
 I forget sometimes
 You say yes, You, You say no
 For my best, God, You know
 Better than me, better than me
 You say yes, You, You say no
 For my best, God, You know
 Better than me, better than me, yeah yeah
 What I want and what I really need
 Only You know the difference
 Learning You do what's best for me
 With every answer given
 Déjà vu, it's what You do (yuh)
 You're showing me in time
 You say yes, You, You say no
 For my best, God, You know
 Better than me, better than me
 You say yes, You, You say no
 For my best, God, You know
 Better than me, better than me, yeah yeah
 Giving me what I really need
 To make me more like You
 Less like me, less like me (whoa)
 Giving me what I really need
 To make me more like You
 Less like me, less like me
 I forget sometimes
 Oh
 You say yes, You, You say no
 For my best, God, You know
 Better than me, better than me
 Oh
 You say yes, You, You say no (whether You say no)
 For my best, God, You know
 Better than me (You know better than me)
 Better than me, yeah yeah (whoa)"
5ld178m33JKhm0F1XN1kQA,Thunder Kiss '65,2019,Rock,4,0,0,1,0,joy,"Well, sweet a little sista's high in hell cheat'n on a halo
 Grind in a Odyssey Holocaust heart kick on tomorrow
 And a breakdown agony said, ""Ecstasy"" in overdrive
 When you're riding on the world, thunder kiss'n
 1965 yeah
 Five yeah
 ♪
 Demon-warp is coming alive
 In 1965, five, five
 Livin' fast and dying young like a endless poetry
 My motor-psycho nightmare freak out inside of me
 My soul salvation liberation on the drive
 The power of the blaster move me faster
 1965 yeah
 Five yeah
 Demon-warp is coming alive
 In 1965, five, five
 ♪
 Gimme that, gimme that now, now, now
 Yeah, roll'n like a supersonic
 Another fool that gets down on it
 Pig sweat a million miles
 I got a heart atomic style
 Make it look easy, that's what I said
 Blast of silence explodes in my head
 ♪
 Yeah, yeah, yeah
 Gimme that, gimme that now
 Gimme that, gimme that now
 Gimme that, gimme that now
 Gimme that, gimme that
 Step to the moonshine frenzy hail, the resurrection
 What's new pussycat?
 Can you dig the satisfaction?
 Well, you can't take it with you but you can in overdrive
 Yeah, some like it hot and twist'n
 1965 yeah
 Five yeah
 Demon-warp is coming alive
 In 1965, five, five"
6UryEVkqPDLliZOG4UmFi9,2021,2019,Rock,3,0,0,0,0,joy,"Boy, boy

2021, will you think about me?
I could wait a year, but I shouldn't wait three (boy)
I don't wanna be (boy)
Hum, hum, hum, hum, hum
2021, will you think about us?
Copper goes green, steel beams go rust (boy)
It's a matter of (boy)

Boy, boy

Boy, boy

2021, will you think 'bout me?
I could wait a year, but I couldn't wait three (boy)
I don't wanna be (boy)

2021, will you think about us?
Copper goes green, steel beams go rust (boy)
It's a matter of (boy)
Hum, hum, hum, hum, hum"
0HMco7zpjdsloHqToLjiLK,Mine,2019,Electronic,3,0,3,0,0,joy,"I fell in love
First date, but boy, you know it's not enough
And you talkin' to me, boy, like you wanted something
Well, baby, come and come and get you some

Just hit me on your celly when you're ready
And he tell his friends he want me
Boy, you know I'm tempted, you know I'm tempted
Let me give you this attention
And you know, boy, I got somethin' special out of these women
Oh, you can get it

Oh me, oh my, oh me, oh my
Oh yeah, I wanna make you mine
Oh me, oh my, oh me, oh my-y-y
Yeah, I wanna make you mine
Oh me, oh whoa, oh, oh me, oh whoa
Yeah-yeah, oh me, oh my
Oh me, oh whoa, oh, oh me, oh whoa
Yeah-yeah, oh me, oh my

Out of the club
I didn't know your name, boy
I fell in love
First kiss, your lips drove me insane, boy

Just hit me on your celly when you're ready
And he tell his friends he want me
Boy, you know I'm tempted, you know I'm tempted
Let me give you this attention
Oh, what you doin' to me?
Oh, you can get it

Oh me, oh my, oh me, oh my
Oh yeah, I wanna make you mine
Oh me, oh my, oh me, oh my-y-y
Yeah, I wanna make you mine

Oh me, oh whoa, oh, oh me, oh whoa
Oh me, oh my
Oh me, oh whoa, oh, oh me, oh whoa
Baby, oh me, oh my

Oh me, oh my, oh me, oh my
Oh yeah, I wanna make you mine
Oh me, oh my, oh me, oh my-y-y
(Yeah) yeah, I wanna make you mine

Oh me, oh whoa, oh, oh me, oh whoa
Oh me, oh my
Oh me, oh whoa, oh, oh me, oh whoa
Yeah-yeah, oh me, oh my"
1mQaehT2IA8PAb6drI1RNB,Right Now,2019,Hip-Hop,4,5,0,0,0,sadness,"Tear down
These walls
Well this can't go on forever
Something's gotta give

How can I relate to a world I feel is broken
To the minds that I feel won't open
And how can I speak life
When all I see is death and all I see is strife
Yeah, I'll tell them

Look into their eyes
Listen to their cries
Voices speak demise

Tear down
These walls
Well this can't go on forever
Something's gotta give
Burn down
And re-learn
Well we won't be here forever
Somethings gotta change
Right now
Right now
Right now

How can we exist in a constant state of crisis
Society in conflict
All the ignorance betrays a weakness
Too much pride to admit there's a sickness
Vacant emotions
Like walking corpses

Look into their eyes
Listen to their cries
Voices speak demise

Tear down
These walls
Well this can't go on forever
Something's gotta give
Burn down
And re-learn
Well we won't be here forever
Somethings gotta change
Right now
Right now
Right now
Right now

If we all take a second and listen
Voice of reason is how we can end this
We can't waste a minute
It needs to happen now
Drop your weapons and all your defences
Drop your pride get the point that we're missing
We can't waste a minute
It needs to happen now
It needs to happen now

Tear down
These walls
Well this can't go on forever
Something's gotta give
Burn down
And re-learn
Well we won't be here forever
Somethings gotta change
Right now
Right now
Right now
Right now"
4Za8yDzEhc8uZMBQRkiaGr,New Day (Otis Parham),2019,R&B,5,1,1,0,0,joy,"Too many brothers layin' dead on the street
One of them brothers look just like me, me yeah
One day we'll make it over

I don't fear no man (man)
Only the one that saved my soul
And the change is coming
When I'm done He'll take me home
The hand of the Lord all over me
I don't know what tomorrow brings
We race the sun
It's a new day
It's a new day
I don't know what tomorrow brings
We race the sun

Shotgun go bang (bang)
Yeah, bang in the street
Lord keep your hand
My Lord, all over me
Shotgun go bang, bang in the street
Lord keep your hand
'Cause it's a new day, oh

One day we'll make it over, yeah
It's too much for even shoulders to bear
I hear you knocking but you can't come in (can't come in)
You say you love me but you kill my friend, friend yeah
One day we'll make it over

I don't fear no man (man)
Only the one that saved my soul
And the change is coming
And when I'm done He'll take me home
The hand of the Lord all over me
I don't know what tomorrow brings
We race the sun

Shotgun go bang (bang)
Yeah, bang in the street
Lord keep your hand
'Cause it's a new day, oh

One day we'll make it over, yeah
It's too much for even shoulders to bear
I hear you knocking but you can't come in
You say you love me but you kill my friend friend, yeah
One day we'll make it over

I don't fear no man (man)
Only the one who saved my soul
Change is coming
Done He'll take me home
Hand of the Lord all over me
I don't know
But we race the sun
It's a new day
It's a new day
I don't know
But we race the sun
So tell Martin, I had a dream
So tell Malcolm, by any means
Oh yeah"
3ZbTIbNjbLZtIxk39IRrBQ,Combat,2019,Hip-Hop,3,6,2,0,1,sadness,"Twelve-gauge shotguns, I seen twelve-gauge, um, pumps

I don't give a fuck
I could talk a cat off the back of a fish truck
Tell me, ""What's up?""
All about the game, so I'm hunting big buck
Big butt, slim waist, and her hair long
Pass it down to me like a heirloom
The Henny got me wetter than whale piss
I die for this shit like Elvis
Boss up and shake down
Get it jumpin' like a techno breakdown
Night young and we just gettin' started
Let me walk on yard at the Bruiser Brigade party
Got smoke, of course
Goin' up, fireworks on the Fourth
Take mine, and I do it with force
Been with this shit since I jumped off the porch
Used to chop grams on my Grandma's faucet
Pay me what it costs, I ain't tryna hear offers
Tryna play Brown, you be hangin' with Hoffman
Copped a pound and I broke it down in ounces
Bust it open like them hoes came in
Got more pills than the Olsen twins
Focus, I can see where ocean is
Kush thinkin' like it broke the wind

What it is, what it is, what you know about?
Came a long way from that dope house
What it is, what it is, what you know about?
Came a long way from the

All I cared about was the stacks and the stage
When it's time to re-up, then my partner got his hash
Ain't rocket science class, I ain't tryna pass math
Twelve grams on the scale, watch me do arts and crafts
Any day could be my last, livin' like that
Tripped over the crack, crippled by circumstance
Nigga gotta face the facts, make this world your own
Sun sprinkled light for this mega-marathon
Tryna live on through my music
The future influence, the next to do it
The odds are against you, kiddo
Life want everything from you, like a divorced widow
Tryna get it like the next negro
Want beef? You gon' fuck around and end up a vegetable
Tryna give you a lil' game
Get some, get locked, get out and back again

What it is, what it is, what you know about?
Came a long way from that dope house
What it is, what it is, what you know about?
Came a long way from the

It's a combat zone
Every fiend, want they own
Red top, blue top
Get the green on the block
It's a combat zone
Every fiend, want they own
Red top, blue top
Get the green on the block
It's a combat zone
Tryna get that bag
Catch that lick, get that bag
It's a combat zone
Tryna swerve from 12
It never fails when you goin' through Hell
It's a combat zone
Catch that lick real quick (Combat)
Get the bag, get the bag, whatchu got?
It's a combat zone
Get that lick real quick (Combat)
Get the bag up, and the swag up
Before they call for back up

Listen, all a nigga wanted was a Chevy on some Daytons
Wasn't thinkin' 'bout no lawyer, nigga, fuck savin'
Didn't know we'd see them horrors like Wes Craven
Jumpin' out them vans, throw us on pavement
Locked up with dirty white boys, all musty
Prayin' for probation, hope I get lucky
Court-appointed lawyers, gotta stay coppin'
Put you in predicament, but that's your only option
Sink or swim, look at him in the system
Just another nigga, one-way ticket to a prison
Tried to help, only hurt in the end
How the fuck 'posed to take care your kids from the pen'?
It's the life that we chose, friends become foes
That nigga snitched on, everybody know
Some don't know how to stick to the code
Nobody to trust, that's the way life goes

I've seen hand grenades (Combat zone)
I've seen beer... beer-can (Combat), beer-can bazookas made (Combat zone)
Damn things hit you (Combat), just-just as getting hit with a gun (It's a combat zone)
I've seen 22 zip guns (Combat), I've seen 38 zip guns
I've seen (Combat zone), I'll tell you
This about things you think you'd never see on the street I've seen (Combat)
I've seen dynamite on the street
I've seen all this
You'd be surprised, man
Pretty soon they're gonna steal the damn atom bomb"
4wxm46qMm1P7JH1ivm1BQ2,Ambiramus,2019,Rock,1,1,3,0,1,anger,"Somewhere afar
A cry rang out
Wondrous words echoing
In my restless heart

A call I heard
In three different tongues
Of such awing majesty
Soft and silently
Whispering my name
I could not oppose

And so I set out into the unknown
I spread my arms to fall...

Ambiramus
Cicinxiet mon textā
Cover me in your darkest shelter
Ad magos meldíās
Ambiteixtū ad tīros íovincon

I have lost control
And drift afar
Into a darkness arcane
All that I've known
Blurred into a pale
And distant memory

And so I set out into the unknown
I spread my arms to fall...

Ambiramus
Cicinxiet mon textā
Cover me in your darkest shelter
Ad magos meldíās
Ambiteixtū ad tīros íovincon

And I spread my arms to fall...

Ambiramus
Cicinxiet mon textā
Cover me in your darkest shelter
Ad magos meldíās
Ambiteixtū ad tīros íovincon

Ambiramus
Cicinxiet mon textā
Cover me in your darkest shelter
Ad magos meldíās
Ambiteixtū ad tīros íovincon"
6wKThjopVE8UVqyZfgaKcN,Heart Too Clean,2019,Folk,7,1,1,0,0,joy,"Yo Jafrass ah real life
Mi ah sing 'bout enuh, dawg?
NotNice

Yeah, dem a go vex, dem know mi bless
Dem see de success
Dem see de shirt, dem see de pants
But mi nuh done press
Dem try Obeah, dem try gun
But wah go come next?

Mi a beg you, open mi eye dem, Father
Mek mi see de haters a come, oh
Please guide me Jehovah
Father protect yuh son
Cyaan stop me cah mi heart too clean
Cyaan kill me cah mi heart too clean
Becaw mi heart too clean, yeah mi heart too clean

Suppose Jah Jah tek weh yuh eye?
How yuh nuh was see another yute rise
Dem waan tek de cake, every slice
An' nuh waan left nuttin' fi NotNice
But my life ah nuh yours fi decide
Nah dead fi you can rejoice
Nuff sweat and tears, nuff sacrifice
And ah gwaan like me an' you ah size

Mi give dem mi tings an' watch an' laugh
True mankind dem a tek me soft
Mi know dem ah pray fi mi blessings cut short
Mi find dem out, that's why me cut dem off
Nuh bodda tell dem yuh business dem will tek it go talk
Cah dem a sheep inna day but den a wolf when it dark
Yuh see me get di start and you nuh waan mi tek off
Jah answer mi prayer, 'cause a this me ah ask

Mi a beg you, open mi eye dem, Father
Mek mi see de haters a come, oh (See de haters a come)
Please guide me Jehovah
Our Father protect yuh son
Cyaan stop me cah mi heart too clean
Cyaan kill me cah mi heart too clean
Becaw mi heart too clean, yeah mi heart too clean

'Cause mi nuh know wah mi do to dem
Dem seh dem ah mi bredda but dem a pretend
Dem quick fi crucify, live pon mi name
An' mi nevva talk wah mi do fi dem
Cyaan trick me cah mi realize
Dem born with red inna eyes, NotNice
Ah mi dem waan criticize
Mi a tell yuh seh a million times

Mi give dem mi tings an' watch an' laugh
True mankind dem a tek me soft
Mi know dem ah pray fi mi blessings cut short
Mi find dem out, that's why me cut dem off
Nuh bodda tell dem yuh business dem will tek it go talk
Cah dem a sheep inna day but den a wolf when it dark
See me get di start and you nuh waan mi tek off
Jah answer mi prayer, 'cause a this me ah ask

Mi a beg you, open mi eye dem, Father
Mek mi see de haters a come, oh (See de haters a come)
Please guide me Jehovah
Our Father protect yuh son
Cyaan stop me cah mi heart too clean
Cyaan kill me cah mi heart too clean
Becaw mi heart too clean, yeah mi heart too clean

Dem a go vex, dem know mi bless
Dem see de success
Dem see de shirt, dem see de pants
But mi nuh done press
Dem try Obeah, dem try gun
But wah go come next?
Ah-lala"
39Y6CSZq5BtGT9L9wxY3Sp,Oblivion (Everything Is Epic),2019,Rock,0,1,1,0,1,sadness,"Scan the crowd trying to find your face
 Look around try to reset my place
 Kneel on the ground nothing we do or say
 Don't make a sound just wait another day
 Everything that i wanted
 Impossible to get it back
 Everything that you had
 You took it all away from me
 There's nothing left it's gone
 We packed it in we're moving on
 In the end can we say
 That we're over
 Hallucinate that it's still unknown
 Running scared that we're still alone
 Hands in the air because the will is gone
 We're dissolved away because we're on our own
 Everything we hide
 Everything inside
 Everything we tried
 Everything has died"
2ppFa6QFJp10sfXgHJQGAy,Sexual Capacity,2019,R&B,1,0,0,4,4,love,"Girl, I? ve had some good, I? ve had some bad in my days
 I never knew someone like you would come my way
 To tell the truth, I can? t help but be a little afraid
 I think your love might be a little too much for me
 (Now we can get sexual)
 Girl, I wanna be down everyday and night
 (Now we can get sexual)
 Just as long as you know my sexual capacity
 (Now we can get sexual)
 I? m dyin?, I? m tryin?, I wanna
 I? m afraid that your lovin? might just be a little too much for me
 Girl, I? ve paid the dues, I? ve made the rules all before
 I? ve seen them beg, I made them plead for more
 But I? ve never seen nothing better babe
 I am a little afraid I think your love might be a little too much for me
 And I gotta say
 (Now we can get sexual)
 Girl, I wanna be down everyday and night
 (Now we can get sexual)
 Just as long as you know my sexual capacity
 (Now we can get sexual)
 I? m dyin?, I? m tryin?, I wanna
 (I? m dyin?, I? m tryin?, oh)
 I? m afraid that your lovin? might just be a little too much for me
 (That your life end might be)
 (A little to much)
 Oh girl your love might be a little too much for me
 (A little to much, a little too much)
 Girl your love might be, sexual capacity
 (A little to much)
 Girl your love might be a little too much for me
 (A little to much, a little too much)
 Girl your love might be a little too much, a little too much for me, yeah
 (A little to much)
 I wanna, I wanna be down
 I wanna, I wanna be down
 I wanna, I wanna be down
 I wanna, I wanna be down
 (Yeah)
 (Now we can get sexual)
 Girl, I wanna be down everyday and night
 (Now we can get sexual)
 Just as long as you know my sexual capacity
 (Now we can get sexual)
 I? m dyin?, I? m tryin?, I wanna
 (I? m dyin?, I? m tryin?, oh)
 I? m afraid that your lovin? might just be a little too much for me
 (Afraid, might be, too much)
 (A little to much)
 Girl your love might be a little too much for me
 (A little to much, a little too much)
 Girl your love might be, sexual capacity
 (A little to much)
 Girl your love might be a little too much for me
 (A little to much, a little too much)
 A little too much
 (A little to much, a little too much for me)
 Baby I
 (I want to be with you)
 (Wanna? be)
 (There? s nothing I won't do)
 Nothing I won't do baby
 (I said, I)
 (I want to be with you)
 (You're a little too much, a little too much for me)
 There? s just somethin? I wanna say to you, baby
 (Now we can get sexual and I wanna be down every day and night)
 I just can? t handle it
 (Now we can get sexual just as long as you know my sexual capacity)
 No no no no
 (Now we can get sexual, I? m dyin?, I? m tryin?, I wanna)"
4vh6Rn6FVG4w79JmlZ5p7d,Got To Keep On,2019,Electronic,8,1,0,0,0,joy,"Got to keep on
Got to keep on
Got to keep on
Got to keep on

Gotta keep on making me high
Gotta keep on making me high

Gotta keep on making me high
Gotta keep on making me high

Got to keep on
Got to keep on
Got to keep on
Got to keep on

Gotta keep on making me high
Gotta keep on making me high

Gotta keep on making me high
Gotta keep on making me high

Got to keep on
Got to keep on
Got to keep on
Got to keep on

Gotta keep on making me high
Gotta keep on making me high

Gotta keep on making me high
Gotta keep on making me high

Got to keep on
Got to keep on
Got to keep on
Got to keep on

Gotta keep on making me high
Gotta keep on making me high

Gotta keep on making me high
Gotta keep on making me high

Got to keep on
Got to keep on
Got to keep on
Got to keep on

Gotta keep on making me high
Gotta keep on making me high
Gotta keep on making me high
Gotta keep on making me high
Got to keep on
Got to keep on
Got to keep on
Got to keep on

(And the rain comes down)
(Like tears, like tears)
(And the rain comes down)
(Like tears, like tears)
(And the rain comes down)
(Like tears, like tears)

Gotta keep on making me high
Gotta keep on making me high

Gotta keep on making me high
Gotta keep on making me high

Got to keep on
Got to keep on
Got to keep on
Got to keep on

Gotta keep on making me high
Gotta keep on making me high

Gotta keep on making me high
Gotta keep on making me high

Got to keep on
Got to keep on
Got to keep on
Got to keep on"
3h3GEFIEWkDISN3yAjhiG9,Loved by a Country Boy,2019,Country,0,0,0,5,0,love,"Have you ever had your heartbeat
 Skipping like a rock on the water?
 Have you ever felt a July kiss?
 Make summer burn a little hotter
 Have you ever fell faster
 Than a Chevrolet rollin' 'round the bend?
 Left a t-shirt hanging on a hickory limb 'fore you jumped in
 Girl, you ain't been loved, 'til you been loved by a country boy
 Bet you never felt nothin' like that, no
 Girl, you ain't been loved, 'til you been loved by a country boy
 Steal your heart and won't give it back
 Don't you want that love?
 Come and get this love, baby
 Girl, you ain't been loved, 'til you been loved by a country boy
 Loved by a country boy, yeah
 Have you ever layed down on a blanket
 Underneath the harvest moon?
 Looked up at a shooting star, yeah
 And knew a wish was made on you?
 How 'bout a little dirt road ride?
 How 'bout a little dancing on my hood?
 Ain't talkin' 'bout good enough, no
 I'm talkin' 'bout so damn good
 Girl, you ain't been loved, 'til you been loved by a country boy
 Bet you never felt nothin' like that, no
 Girl, you ain't been loved, 'til you been loved by a country boy
 Steal your heart and won't give it back
 But don't you want that love?
 Come and get this love, baby
 Well girl, you ain't been loved, 'til you been loved by a country boy
 Loved by a country boy
 Girl, you ain't been loved, 'til you been loved by a country boy
 Bet you never felt nothin' like that, no
 Girl, you ain't been loved, 'til you been loved by a country boy
 Steal your heart and won't give it back
 But don't you want that love?
 Come and get this love, baby
 Girl, you ain't been loved, 'til you been loved by a country boy
 'Til you been loved by a country boy
 Loved by a country boy"
39Y8Co0z2J1AbzF11rhuFO,Head Spinning,2019,Rock,0,3,3,0,3,sadness,"Head spinning
Head spinning
Head spinning
A spinning head, a spinning head
Head spinning
Head spinning
Head spinning
A spinning head, a spinning head
Head spinning
Head spinning
Head spinning
A spinning head, a spinning

Don't want to go to Massachusetts
Don't want to drown in alcohol
So tired of feeling useless
I never get no love at all
Aw, babe you look kinda protected
Do you wanna watch a zero crawl?
My burning brain has been neglected
All my emotions in a brawl

Head spinning
Head spinning
Head spinning
A spinning head, a spinning head
Head spinning
Head spinning
Head spinning
A spinning head, a spinning head
Head spinning
Head spinning
Head spinning
A spinning head, a spinning

Clear liter disconcerted
Unnerved servant son
I heard you whisper he was worthless
At least he gets the job done
A biting man begs for rejection
I'm still waiting on a call
In need of scant dissection
You want to watch a zero fall?

Red eye crying
White light lying alone
(Blow crow, cold meat on the bone)
Buried box of nerves made out of chrome
Steel trap flying
Flowers dying at home
(No show, cold feet at the throne)
Bury box of nerves

Red eye crying
White light lying alone
(Blow crow, cold meat on the bone)
Buried box of nerves made out of chrome
Steel trap flying
Flowers dying at home
(No show, cold feet at the throne)
Bury box of nerves

Head spinning
Head spinning
Head spinning
A spinning head, a spinning head
Head spinning
Head spinning
Head spinning
A spinning head, a spinning head
Head spinning
Head spinning
Head spinning
A spinning head, a spinning"
4Nr465nCPqLBUi6xmms5uL,Bullet Holes,2019,Rock,3,3,0,0,1,joy,"I'm on the highway, I'm walking 'cross America
Sweat stain in my blue suede shoes
Race wars, Star Wars, planet wars, mind wars
Tryna find ways to get to you
Always on the precipice, candy wish
So what would you prescribe?
'Cause every moment's something sacred, yeah
It's such a wild ride
Higher than I've ever been
Higher than I've ever been
Higher
Bullet holes
All you leave behind
Now I know
I see you cut and dried
I used to wish in symphonies
Higher than I've ever been
I used to wish in symphonies
Higher than I've ever been
Left in the rain to the sound of the sirens
Jet planes with the battle blues
Lifeblood, bad blood, my blood, your blood
The state of danger in this human zoo
Just caught in the wheels of machinery
Fragments to construct a core, yeah
Wish I could sleep more easily
Are you the one I've been waiting for?
Higher than I've ever been
Higher than I've ever been
Higher
Bullet holes
All you leave behind
Now I know
I see you cut and dried
I used to wish in symphonies
Higher than I've ever been
I used to wish, I used to wish in symphonies
Higher than I've ever been
They closed our path through deserted streets
Downtown ghosts shuffling in their feet
I will never stop fighting for you
Never stop fighting
Bullet holes
All you leave behind
Now I know
I see you cut and dried
Bullet holes
I thought I was inside
I used to wish, I used to wish in symphonies
Higher than I've ever been"
1tzp6KOZgxDW6ZNuen0Kqy,Funky I Like It,2019,Rock,4,0,0,0,0,joy,"I've been misunderstanding you for too long
Oh how your love flowers in the windows of the sun
Might not make much sense
But I'll tell you now

I was having a hard time
But you're funky, I like it
Might be needing all your time
Hopefully you like it

Hopefully you like it

Something very special has happened to me
I had to call you right now for you to hear it
It might not make much sense
But I'll tell you now

I was having a hard time
But you're funky, I like it
Might be needing all your time
Hopefully you like it

Woo-ooh, woo-ooh woo-ooh-ooh
Ooh-ooh-ooh baby
Ooh-ooh-ooh ooh-ooh

I was having a hard time
But you're funky, I like it
Might be needing all your time
Hopefully you like it

I was having a hard time
But you're funky, I like it
Might be needing all your time
Hopefully you like it

Woo-ooh, woo-ooh woo-ooh-ooh
Ooh-ooh-ooh baby
Ooh-ooh-ooh ooh-ooh
Ooh-ooh-ooh ooh"
2N7Qm7YdgvWlg8ZoxLkOND,Never Be The Same,2019,Electronic,2,2,2,0,0,joy,"How come their lot is so cruel, is so evil?
I wanna hide in the dark
I keep patching up the walls of my ego
But not the holes in my heart

I'm six feet underground, but I'm breathing
Heavy is the thought of my freedom
There's something inside me that wants to get out
I can feel it, I'm feeling it now

I'm changing, if only just a little
I'm breaking, it hurts to let it heal
I'll never be the same
No, I'll never be the same
'Cause I'm changing, if only just a little
I'm breaking, it hurts to let it heal
I'll never be the same
No, I'll never, never, never

No, I'll never be the same, no, I'll never be
No, I'll never be the same, no, I'll never be
No, I'll never be the same, no, I'll never be
No, I'll never, I'll never be the same

How come silence is so loud in the shadows?
I wanna scream 'til it's on
Tell my feet they should run, but they don't follow
I think it's time to get out

I'm six feet underground, but I'm breathing
Heavy is the thought of my freedom
There's something inside me that wants to get out
I can feel it, I'm feeling it now

I'm changing, if only just a little
I'm breaking, it hurts to let it heal
I'll never be the same
No, I'll never be the same
'Cause I'm changing, if only just a little
I'm breaking, it hurts to let it heal
I'll never be the same
No, I'll never be the same

(And it feels good)
(And it feels good)
(And it feels good)
(And it feels good)
I can feel that I'm changing

No, I'll never be the same

No, I'll never be the same"
5a4nh2oropkkl4j2qKgSzq,When Things Go Wrong,2019,Electronic,0,1,4,0,0,anger,"How do we end up here
 Why do we close our hearts
 Why do we hide our fears
 How can we fix our scars
 Cause we only end up losing gravity
 How do we end up here
 Why do we close our hearts
 It's cold now, rains falls, we scream,
 Can we stop this madness before things go wrong
 Make out, fighting, lying,
 We're drinking till of our problems are gone
 When things go wrong
 How do we end up here
 It's just like we're seventeen
 Cause we always end up in tears
 Feels like a movie scene
 Cause we only end up losing gravity
 How do we end up here
 Why do we close our hearts
 It's cold now, rains falls, we scream,
 Can we stop this madness before things go wrong
 Make out, fighting, lying,
 We're drinking till of our problems are gone
 When things go wrong
 When things go wrong
 When things go wrong
 When things go wrong
 It's cold now, rains falls, we scream,
 Can we stop this madness before things go wrong
 Make out, fighting, lying,
 We're drinking till of our problems are gone
 When things go wrong
 When things go wrong
 When things go wrong
 When things go wrong"
3eLdNmnRWr9gIyBcqTSSti,SOS - Laidback Luke Tribute Remix / Radio Edit,2019,Electronic,2,2,0,1,0,joy,"Can you hear me? S.O.S
Help me put my mind to rest
Two times clear again I'm actin' low
A pound of weed and a bag of blow

I can feel your love pullin' me up from the underground and
I don't need my drugs
We could be more than just part-time lovers
I can feel your touch pickin' me up from the underground and
I don't need my drugs

We could be more than just part-time lovers
We could be more than just part-time lovers
We could be more than just part-time lovers

I get robbed of all my sleep
As my thoughts begin to bleed
I'd let go but I don't know how
Yeah I don't know how but I need to now

I can feel your love pullin' me up from the underground and
I don't need my drugs
We could be more than just part-time lovers
I can feel your touch pickin' me up from the underground and
I don't need my drugs
We could be more than just part-time lovers
(Lovers ay)

I can feel your touch pickin' me up from the underground and
(From the underground yeah)
I don't need my drugs
We could be more than just part-time lovers

We could be
We could be more than just part-time lovers
(Part-time lovers)
Yeah! more than, more than lovers
We could be more than just part-time lovers

Can you hear me? S.O.S
Help me put my mind to rest"
6907kOMXzkmvE9sFlYLuBg,Maintain,2019,Hip-Hop,3,1,14,0,0,anger,"Excuse me bartender got a lighter I could borrow?
 And while you're at it, crack a bottle
 Let me wallow in my sorrow
 I can't stop it once I start, so
 I should probably quit
 I know it's hard though
 I should probably call in sick tomorrow
 But
 I don't think there's any drivers headed uptown
 No way I'll catch a bus now
 You, let me get a bust down
 Before I go inside and talk to shorty with her bust out
 Bust out with some corny pick-up line before she shuts down
 But just now
 Someone talkin shit got kicked the fuck out
 Undercovers raided and those underages snuck out
 So if you want the run down
 Come inside and join me just for one round
 Somehow I'ma try to skip this come down
 See every damn night
 We do the same things
 Same shit, different toilet
 Same people, same name
 Everybody getting high on the same thing
 Focused on just gettin by tryna maintain
 Every damn night
 We do the same things
 Same shit, different toilet
 Same people, same name
 Everybody getting high on the same thing
 Focused on just gettin by tryna maintain
 Every damn night
 We do the same things
 Same shit, different toilet
 Same people, same name
 Everybody getting high on the same thing
 Focused on just gettin by tryna maintain
 See over there that's Mikey
 And next to Mikey's Steven
 And Steven's always cheatin on his wifey on the weekend
 And every single evening
 He's drinking uncontrollably
 And sniffing lines, tweaking
 Think he's going off the deep end
 But actually he's no so bad if you should get to speaking
 Underneath it all he's harmless he's just got some inner demons
 And maybe that's the reason
 Why these kid's taking prescription pills
 Dying prematurely's like tradition
 Addiction kills
 But here's a twenty
 Why don't you go get some bills
 Put somethin on the jukebox for them bitches in the six inch heels
 And after that, we can take a toke of piff
 I got a pack of Parliaments in case you wanna smoke a grip
 Besides, I can't stand when CNN's on
 Cause every time Obama's on somebody drops an n-bomb
 That's dead wrong
 Said the waitress drinking cabernet
 This might be absurd to you
 To me it's just a Saturday
 See every damn night
 We do the same things
 Same shit, different toilet
 Same people, same name
 Everybody getting high on the same thing
 Focused on just gettin by tryna maintain
 Every damn night
 We do the same things
 Same shit, different toilet
 Same people, same name
 Everybody getting high on the same thing
 Focused on just gettin by tryna maintain
 Every damn night
 We do the same things
 Same shit, different toilet
 Same people, same name
 Everybody getting high on the same thing
 Focused on just gettin by tryna maintain
 Last call, light's flickering
 I can see these ladies whispering
 I'm throwing lines out like a fisherman
 Pardon me for eavesdropping
 Silly me for listening
 (That's okay)
 How you doing? Won't you introduce me to your sister's friend?
 (This is Jennifer)
 You're from out of town, visiting from Michigan?
 (Uh uh)
 Coulda swore I saw you at my cousin Chris's christening
 (Mmm, I don't think so)
 Maybe it was on the beach, sun tan glistening
 (Mmm, maybe)
 You a real bad girl and you could use some discipline
 (You so stupid)
 Haha. So won't you come let me take care of that
 Fuck you're boyfriend over there, I'm a god compared to that
 (Why you keep looking at him!)
 Well if he's gonna stare at me, I'm staring back
 That's when I blew it
 Yo what the fuck you staring at?
 (What the fuck YOU staring at?)
 What?
 (You looking at my girl)
 Okay
 (Babe, calm down, it's nothing like that)
 We're having a conversation
 (Take it easy)
 Me and her are talking
 (Stop)
 (Yo take it easy guys)
 So that's you're girlfriend, so what?
 (You need to calm down, you need to stop)
 I don't give a fuck
 (You guys need to relax man)
 What are you gonna do?
 (Are either of you listening to me?)
 What are you gonna do about it?
 (You guys need to calm the fuck down man)
 Yeah that's what I thought
 (It's last call anyway, you shouldn't even be here)
 Do not put you're fucking hands on me
 Get the fuck off me man
 (Stop it!)
 Alright so let's go outside
 (You wanna go outside, we'll go outside)
 Me and you
 Fuck off me
 (Babe let's go
 Babe, let's go)
 (You guys gotta get the fuck out
 I swear to God
 Or I'll fucking kick you both out myself man
 Not in my bar man
 It's last call
 You shouldn't even be in here
 God damn)"
077vXHd5B0Zbdiui4ajQme,Hold You Back,2019,R&B,6,1,2,2,0,joy,"You got to know, that she won't love you back
 That she won't love you back like I can (like I can)
 She don't understand, your body like I can
 All she does is hold you back (okay)
 Girl we are not the same
 She don't wanna get involved like me
 She don't wanna accept the faults
 She'll never take the fall
 All of the sudden you're making a change
 Can't you tell that she's running a game?
 You should know these players gone play, play (Uh-huh)
 You got to know, that she won't love you back, love you back
 (Won't love you, won't love you)
 You got to know, that she won't love you back like I can
 (Like I can, like I can)
 (Won't love you, won't love you)
 You got to know that I won't love you back
 That I won't love you back, 'cause I can't
 (Won't love you, won't love you)
 You don't understand my body like she can
 All you do is holding me back (holding me back)
 I'm so over getting all of these fools that don't value my time
 I'm so over getting all of these losers that don't nurture my mind
 I get tiered of the lies
 I can see through your eyes (yeah)
 You can say, you can say what you want
 But I still don't want you
 Hey, I say hey
 Baby, don't want your loving
 I got me something
 I say hey
 I don't even want your money
 I got my own thing
 I said bae
 I'ma be fine without you
 Don't you worry
 Don't you worry no more, no more
 You got to know that I won't love you back, love you back
 (Won't love you, won't love you)
 You got to know that I won't love you back, 'cause I can't
 ('Cause I can't)
 You got to know, that she won't love you back, love you back
 ♪
 You got to know, that she won't love you back, like I can
 
 You got to know, that she won't love you back
 That she won't love you back like I can (like I can)
 She don't understand, your body like I can
 All she does is hold you back (okay)
 Girl we are not the same
 She don't wanna get involved like me
 She don't wanna accept the faults
 She'll never take the fall
 All of the sudden you're making a change
 Can't you tell that she's running a game?
 You should know these players gone play, play (Uh-huh)
 You got to know, that she won't love you back, love you back
 (Won't love you, won't love you)
 You got to know, that she won't love you back like I can
 (Like I can, like I can)
 (Won't love you, won't love you)
 You got to know that I won't love you back
 That I won't love you back, 'cause I can't
 (Won't love you, won't love you)
 You don't understand my body like she can
 All you do is holding me back (holding me back)
 I'm so over getting all of these fools that don't value my time
 I'm so over getting all of these losers that don't nurture my mind
 I get tiered of the lies
 I can see through your eyes (yeah)
 You can say, you can say what you want
 But I still don't want you
 Hey, I say hey
 Baby, don't want your loving
 I got me something
 I say hey
 I don't even want your money
 I got my own thing
 I said bae
 I'ma be fine without you
 Don't you worry
 Don't you worry no more, no more
 You got to know that I won't love you back, love you back
 (Won't love you, won't love you)
 You got to know that I won't love you back, 'cause I can't
 ('Cause I can't)
 You got to know, that she won't love you back, love you back
 ♪
 You got to know, that she won't love you back, like I can"
7tRYdVO93ppaQmrewQX93f,Watch It Burn,2019,Rock,1,0,3,0,0,anger,"I'm confused about the weather it's raining in summer time
I'm just wondering cause it's fucking cold outside
Am I wrong if I blame this in politics
Am I right if I say no one gives a shit
This might get ugly
Not for us but for our kids
I don't care about anyone else but me
Rather watch it all burn and go to sleep
Dreaming of tomorrow
Dreams of no tomorrow
We're abused and belittled, deluded to work and pray
We're amused by the stupidest shit they sell
Keep 'em small, feed them stories of love and wealth
Drop the curtain this place is a fucking hell
This might get ugly
Not for us but for our kids
I don't care about anyone else but me
Rather watch it all burn and go to sleep
Dreaming of tomorrow
Dreams of no tomorrow
I don't care about anyone else but me
Rather watch it all burn and go to sleep
Dreaming of tomorrow
Dreams of no tomorrow
I don't care about anyone else but me
Rather watch it all burn and go to sleep
Dreaming of tomorrow
Dreams of no tomorrow
I don't care about anyone else but me
Rather watch it all burn and go to sleep
Dreaming of tomorrow
Dreams of no tomorrow"
6Sq3AiBZZEfiF21x6ESrI6,Good Time - R3HAB Remix,2019,Electronic,6,2,1,0,0,joy,"(Good-good-good time)
(I just, I just, I just want a good-good-good time)
(I got enough on my mind)

I just, I just, I just
Wanna get drunk with my friends
Talk about some nonsense
With girls that we just met
I just, I just, I just
Wanna go out, midnight
Low key, no fights
I'm messed up, man, you drive

I just, I just, I just
Wanna tell the barback line 'em up ('em up)
'Cause the whole world needs some love

I just want a good time, I
I just want a good time, I
I got enough on my mind, I
Yeah, I just want a (good), I just want a
I just want a good time, I
I just want a good time, I
I got enough on my mind, I
Yeah, I just want a, I just want a

I just, I just, I just want a good-good-good time
I just good-good-good time
I just, I just, I just want a good-good-good time
I got enough on my mind
I just, I just, I just want a good-good-good time
I just good-good-good time
I just, I just, I just want a good-good-good time
I got enough on my mind (I just want a)

I just, I just, I just want a
Catch vibes with strangers
Find out we're neighbors
From back in LA, yeah
I just, I just, I just
Wanna call up my exes
Wish them the bestest
I'm that kinda wasted

I just, I just, I just
Wanna tell the barback line 'em up (ah-ah-ah-oh)
'Cause the whole world needs some love

I just want a good time, I
I just want a good time, I
I got enough on my mind, I
Yeah, I just want a (good), I just want a
I just want a good time, I
I just want a good time, I
I got enough on my mind, I
Yeah, I just want a, I just want a

I just, I just, I just want a good-good-good time
I just good-good-good time
I just, I just, I just want a good-good-good time
I got enough on my mind
I just, I just, I just want a good-good-good time
I just good-good-good time
I just, I just, I just want a good-good-good time
I got enough on my mind (I just wanna)

I just, I just, I just want a
Stop stressin' and start counting blessings, yeah
Ah-ah, oh-oh
Stop obsessin' and just start lettin' it all go

I just want a good time, I
I just want a good time, I
I got enough on my mind, I
Yeah, I just want a, I just want a
I just, I just, I just want a"
6wwYN6lBOBdIXVkRhvbHb8,Through the Hollow Raven's Eyes,2019,Rock,1,5,1,0,1,sadness,"Forward till dawn the fire will spread
Consuming the earth from the grail of matter
Drain the oceans
Depleting the life
There is no escape from the eye
Oh the silence calls to return
Behold the wrath of the dark crimson sky
Wailing cries from the fountain
Blaring from the mountainside
Oh how the trees have died
From the final call to arms
I hold the ancient stone
Calling forth the echoes of time
Test the conjuring light
Through the hollow raven's eyes
Lifeless formations frozen in the natural world
These haunting visions of Hell
Emerging from the depths of the earth
To return the sorrow
and hatred by man
The sorrow
And hatred
Oh the paralyzing existence
Illusions of faith summoned by the dead
Reborn from ancient sun
Within the endless stars
To discover the hidden universe
Created by the void
Conceive the secret path within
There is no higher
For the hearth's fire defined
Engulfed by the morning light
Silent across the snow
Fallen trees of old
Haunted starlit skies
Echoing further into the night
Deceived by lies
The Great cluster of stars
Forever calling
Beyond this natural world
There is no sacred plane
Rebirth from the lifeless soil
Follow the sorrow
To construct the incomplete pattern
Among the fallen stars
Cast away the silent dream
There is no reality in my own life
What once belonged to us
Now drifts eternally
Awakened fire across the sky
For one thousand years may pass
My mind forever still across time
Lifeless formations frozen in the natural world
These haunting visions of hell
Emerging from the depths of the earth
To return the sorrow and hatred by man
I hold the fire of the ancient stone
Cast afar from my own home
And with this power I see the life
Only through the hollow raven's eyes"
3MyrKuMveHZkZNTRQS9ILw,Keep Dancing,2019,Pop,4,1,1,0,2,joy,"Don't wanna talk about it
Don't wanna talk anymore
Don't wanna think about
The things I've tried to ignore
It's the uncertainty about it
That makes certain I'm wasting my time
And on the surface I'm pretending to be better
""Hey, as long as you look fine""

Oo-oo-oo, oo-oo-oo-oo
And when I doubt myself
Wish I was someone else
Oo-oo-oo, oo-oo-oo-oo
And when I doubt myself

So keep dancing
Keep on dancing
I keep dancing
No matter how I feel
So keep dancing
Keep on dancing
I keep dancing
No matter how I feel

I swear I've lost myself
With all of this talk
Because it's all been said
It's all been said before
And we can go around in circles
We can go around in circles again
And at the end of this all
I'm worried if I'll even still have my friends

Oo-oo-oo, oo-oo-oo-oo
And when I doubt myself
Wish I was someone else
Oo-oo-oo, oo-oo-oo-oo
And when I doubt myself

So keep dancing
Keep on dancing
I keep dancing
No matter how I feel
So keep dancing
Keep on dancing
I keep dancing
No matter how I feel

And when I doubt myself
Wish I was someone else
And when I doubt myself
Wish I was someone else

Keep dancing
Keep on dancing
I keep dancing
So keep dancing
Keep on dancing
I keep dancing

So keep dancing
Keep on dancing
I keep dancing
No matter how I feel
So keep dancing
Keep on dancing
I keep dancing
No matter how I feel"
5uhAVbXda6xDa8d7k9kntL,I Decay,2019,Hip-Hop,1,3,0,0,0,sadness,"Ohm
Ohm
Ohm
Ohm
Ohm
Ohm (Ahhh)

I lay
I decay
I lay
I decay
Nowhere to go
I have no home

Ohm
Ohm

No one to talk to
Never opened to anyone
So I lay
I decay
The word goes around
While mine is upside down
Why am I here
I feel that death is near

I wanna die
So I
Lay

I decay
I lay
I decay
I lay
I decay"
5AWULaFp4cqXXr82LXkDP1,Advice - Live at Hoxton Hall,2019,Pop,1,0,5,0,0,anger,"I lost all my lunch
I threw it on the ground
I don't wanna talk
Don't wanna be around
I know you're trying to help
I think that's really nice
But I know myself
I don't need your advice

I've got a hint for you
Take it
Are you hungry?
I have my shorts for you to eat

Leave me alone
I don't owe you anything
You're not my friend
You're not my mom

So please don't talk to me
You don't know anything
I am not your conversation

People will talk
But that's not what I want
I can be myself without explanation

Alone on Sunday night
I saw a ton of shit
It made me really mad
You told me not to quit
Said, this is how it is
You're giving them your life
But I don't wanna give
I want it for myself

As selfish as it is
I need it for my health
And I have stuff to do
For me, nobody else
Nobody else

So please don't talk to me
You don't know anything
I am not your conversation

People will talk
But that's not what I want
I can be myself without explanation"
5CalS8Gn69OOrR9aiw0ZO9,Honeybee,2019,Folk,3,3,1,0,0,joy,"Honeybee
Could you imagine where our lives would lead?
That silly ring, it wasn't meant to be
Luckily, you saw in me
Somethin' I couldn't see

Honeybee
I can't imagine how my life would be
If all your gravity did not hit me
Oh, don't you see?
Darlin', my honeybee

But here we are
After all the misses and confessions
To the scars
That we never really owned as ours

And if our world comes tumbling down
I never could forgive myself for leavin' out
You're the one, you are the only one

Such a fool
I took your love and I bent all the rules
You took the blow and didn't let it show
Stuck around to let me know
Built a family of our own

Look around
We made a garden of the love we found
So many reasons I would fight to stay
You're the courage when I fade
Take a look at what we've made

But here we are
After all the misses and confessions
To the scars
That we never really owned as ours

And if our world comes tumbling down
I never could forgive myself for leavin' out
You're the one, you are the only one

Won't you decide?
Won't you decide?
I want you to soar
Don't doubt anymore (little by little, we meet in the middle)

Won't you decide? (If that's alright)
Won't you decide? (I hope you can hear me, I needed you near me)
I want you to soar (you saved my life)
Don't doubt anymore (let's keep this between you and I)

And if our world comes tumbling down
I never could forgive myself for leavin' out
And if our world comes tumbling down (if our world comes tumbling down)
I never could forgive myself for leavin' out (I never could forgive myself)
You're the one, you are the only one

And if our world comes tumbling down (if the world comes tumbling down)
I never could forgive myself, I'll say it now (I never could forgive myself)
You're the one, you are the only one"
2Oq5UPVAHHegdrtluEhoEO,Crow,2019,Folk,5,1,1,0,0,joy,"I think of you much more than I
Would like to admit that I
Do before strangers
But there you are

Whistling through the trees again
Rustling through the leaves my friend
A feather on my pillow
Let's me know that you're near

I remember the night that you arrived
December maybe, '95
Your hair and your breath smelled
Of John Player Specials

A stranger who I learned to love
A friend when really no one was
My Daedalus, my wings to fly
Why'd you leave me behind?

My beautiful crow
And all those black feathers
Perched deep in my soul
Won't let me let you go

I never really thanked you for
All of the light you brought
Into my mother's eyes
So many others tried

Her sadness since the day you left
She will not get out of bed
She stares out the window
Smokes a black pack of JPS

I was out on St Paul's
When I heard about your fall
Walking with Caroline
She bums smokes from time to time

I walked home alone that night
I could feel you when I closed my eyes
I looked up into the night
And watched black feathers fall from the sky

I think of you much more than I'm allowed to admit
But I do
I still do

My beautiful crow
And all those black feathers
Perched deep in my soul
Won't let me let you go

I have tried to push you down
I have tried to cut you out
You're rattling your cage
I'm rattling my cage

I have tried to drown you out
Drink till I don't hear the sound
The song's still the same
The song's still the same

My beautiful crow
And all those black feathers
Perched deep in my soul
Won't let me let you go"
2DkpoHJ1h88e9dyc6SFIm2,Happens to the Heart,2019,Folk,3,3,2,0,0,joy,"I was always working steady
But I never called it art
I got my shit together
Meeting Christ and reading Marx
It failed, my little fire
But it spread the dying spark
Go tell the young messiah
What happens to the heart
There's a mist of summer kisses
Where I tried to double-park
The rivalry was vicious
The women were in charge
It was nothing, it was business
But it left an ugly mark
I've come here to revisit
What happens to the heart
I was selling holy trinkets
I was dressing kind of sharp
Had a pussy in the kitchen
And a panther in the yard
In the prison of the gifted
I was friendly with the guards
So I never had to witness
What happens to the heart
I should have seen it coming
After all, I knew the chart
Just to look at her was trouble
It was trouble from the start
Sure, we played a stunning couple
But I never liked the part
It ain't pretty, it ain't subtle
What happens to the heart
Now the angel's got a fiddle
The devil's got a harp
Every soul is like a minnow
Every mind is like a shark
Me, I've broken every window
But the house, the house is dark
I care, but very little
What happens to the heart
Then I studied with this beggar
He was filthy, he was scarred
By the claws of many women
He had failed to disregard
No fable here, no lesson
No singing meadowlark
Just a filthy beggar guessing
What happens to the heart
I was always working steady
But I never called it art
It was just some old convention
Like the horse before the cart
I had no trouble betting
On the flood, against the ark
You see, I knew about the ending
What happens to the heart
I was handy with a rifle
My father's .303
I fought for something final
Not the right to disagree"
3e4zN8UUqE5qvK4Uozdwhn,Absolution,2019,Rock,3,0,0,0,0,joy,"Standing tall at the monolith
Intertwined with the earth
Your absence sends shivers through my bones
An absence that shatters the ground

No, I won't watch you die again
We were in the woods
You extended your hand
And I declared
I will be your guardian

Set fire to the past
Everything that once was
And be reborn

Set fire to the past
Everything that once was
And I will be reborn

Every sacrifice
Was not in vein
Your memory
Is burned into my spirit

In absolution, we exist benevolently
""You carried the weight of the world
On your shoulders
...And you triumphed"""
5pJ1d5zTCb1DSoXZBLxxRG,Seth,2019,Rock,0,4,2,0,0,sadness,"Every now and then I see them
The footsteps I'm supposed to walk
But the shadow falls dense around me
I'm just a candle to a roaring bonfire

Father, your ultimate sacrifice
Gave me safe passage back to the world
Now I'm stranded in this fool's paradise
And there's no cure for a shattered soul

People, I beg you
I am on my knees
I can't stand this
It's killing me

Even when you lose yourself
I will still be here for you
And those times I hurt myself
I will ask nothing of you, no
Nothing of you in return

Mother, you laid all the hate on me
You both had a taste for saving the world
A mammoth undertaking
Was placed upon me

People, understand
I don't want the throne

Even when you lose yourself
I will still be here for you
And those times I hurt myself
I will ask nothing of you, no
Nothing of you

I will still be here for you
And those times I hurt myself

(And those times I hurt myself)
You have to silence the fear you have in your heart
(Always do more than) what's required of you
(What you want now)

Even when you lose yourself
I will still be here for you
And those times I hurt myself
I will ask nothing of you, no
Nothing of you in return

People, I beg you
People, I beg you"
01niGNTcFtX1wweTTWQbb2,Brave - Don Diablo VIP Mix,2019,Electronic,4,0,0,0,0,joy,"I'm brave

I'm brave

I'm brave
I'm brave
Even when the fear is staring in my face

Oh, I'm brave
I'm brave
I'm brave
I'm brave (I'm brave, I'm brave)

Oh-oh, oh, oh
Oh-oh, oh, oh (I'm so brave)
Oh-oh, oh-oh, oh-oh, oh-oh
Switch

I'm brave

I'm brave

I'm brave
I'm brave
Even when the fear is staring in my face
Oh, I'm brave
I'm brave
I'm brave
I'm brave (I'm brave, I'm brave)

Oh-oh, oh, oh
Oh-oh, oh, oh (I'm so brave)
Oh-oh, oh-oh, oh-oh, oh-oh
Switch"
0FhUOlLXRClxV8ovWQYQ2Y,Bucking the System (feat. Kevin Gates),2019,Hip-Hop,2,2,6,0,0,anger,"Zaytoven
Huh
They should put me on SportsCenter with all this ballin' I be doin' (Gucci)
You can't see Wop on your best day, nigga (gang)
It's Gucci
Huh
Trappin' all day on the goddamn skreets
I didn't even have nowhere to goddamn sleep
I remember recordin' in Zay' mama basement
Way, way, way before he ever had a placement (on God)
Dead bodies in the bando, we called it a vacant (bando)
Smokin', drinkin', sellin' dope but I was on probation (facts)
Turned into a killer soon as I left off Cecilia (straight up)
I don't think they feel you 'til the ghetto try to kill ya' (oh Lord)
Free my niggas in the system, motherfuck the system
If you a snitch, fuck you and who snitchin' with ya (fuck ya)
Loan money walk, let the lady take her picture (mwah)
Not every day the bitch see a million dollar nigga (well damn)
Hired killers with me now, I can't be a victim (pow, pow)
Choppa close by all the time, I'm buckin' the system
Diamonds precious, but nothin's more precious than wisdom (bling)
The fresh is in the buildin', bless the ghetto children (bless 'em)
Fronted me to pack, I ain't pound 'em back, I'm buckin'
Been known to buck the system, call the plug and told 'em, ""Fuck 'em""
Pockets swole for parole, I feel is an injustice
This for me to be broke and strugglin', I can't be out hustlin' (Gucci)
I'm buckin', I'm buckin', I'm buckin'
I'm buckin', I'm buckin', I'm buckin' the system
I'm buckin' on niggas, I'm buckin' up pistols
I'm takin' up pistols and kill 'em
I'm buckin', I'm buckin', I'm buckin'
I'm buckin', I'm buckin', I'm buckin' the system
Don't fuck with these niggas
Don't rock with these niggas
They try me, I'm buckin' the system
Breadwinner fly and I'm goin' out gangsta
Gold mouth dawg and your homeboy fakin'
Breadwinner landlord, need another favor
Peterbilt, eighteen-wheeler with the reefer trailer
I don't get a load in, I'ma send a load, bitch
Had to strong arm to the judge up in court, bitch
Ding-dong, push button bricks, front door shit
1017, nigga, Breadwinner, Brick Squad! (Brick Squad!)
I control a forklift, yeah, they just sent four
Hundred round discharge, writin' on the clipboard
Put you in the coffin, I bought a new fit for it
Bite a nigga apple (baow), MacBook laptop
Droptop, MAC-11, ridin' with the strap out
Got my own blueprint, guess I got it mapped out
Just was on Carolina, standin' in the trap house
Said I wouldn't be shit, think I didn't hear about it
Now a nigga clip cost bigger than your real house
I get on a helicopter blindfold to Mexico
You pull up to meet a middle man at Texaco
Breadwinner safeguard, run off on who?
You gotta send the money 'fore the load come through
Nigga Peewee League, pay with peewee cheese
I be overseas, I'm in Medellín with it
If you takin' my lick, I got felonies, nigga
Livin' like that when I fell in these systems
Real Hermés, what we sell in these trenches
Deal cocaine, but the recipe different
Ask Lee Lucas if I'm cut like that
Real street nigga, but the pedigree different
Pillow talk 'bout me, you a jelly bean nigga
I slam on your fam' if you tell on me nigga
I slam on your fam' if you tell on me nigga
I'm buckin', I'm buckin', I'm buckin'
I'm buckin', I'm buckin', I'm buckin' the system
I'm buckin' on niggas, I'm buckin' up pistols
I'm takin' up pistols and kill 'em
I'm buckin', I'm buckin', I'm buckin'
I'm buckin', I'm buckin', I'm buckin' the system
Don't fuck with these niggas
Don't rock with these niggas
They try me, I'm buckin' the system"
2ZM3NHXmumdyy4i1BWyHwU,My Way,2019,Blues,3,4,1,0,0,sadness,"And now the end is coming near
 I'm about to reach the final curtain
 All of my friends, let me make it real clear
 I'm staking my claim of which I'm trying to be certain
 I've lived, I've loved, I've lost
 And I've traveled, the Lord only knows
 How many, many, many, many highways
 More, so much more than this
 I did it my way
 Regrets, regrets, I've had a few
 But about regrets, I just won't mention
 I did exactly what I thought I should do
 Stood right there and saw it through without exemption
 I planned each charted course
 Each careful step along the byway
 And more, so much more than this
 I did it my way
 What is a man? What has he got?
 If not himself then he has not
 To say the things he truly feels
 And not the words of one who kneels, oh oh
 Let the record show, let it show you took some blows
 And did it your way
 Ah, tell me, what is a man? Oh, hear me now, what has he got?
 If he don't have himself, then let me leave you with it, he has not
 Anytime he cannot say the things that he truly feels
 And not the words of one who kneels
 So let him find out
 Let the record show, let it show you took some blows
 And did it your way, oh your way
 
 And now the end is coming near
 I'm about to reach the final curtain
 All of my friends, let me make it real clear
 I'm staking my claim of which I'm trying to be certain
 I've lived, I've loved, I've lost
 And I've traveled, the Lord only knows
 How many, many, many, many highways
 More, so much more than this
 I did it my way
 Regrets, regrets, I've had a few
 But about regrets, I just won't mention
 I did exactly what I thought I should do
 Stood right there and saw it through without exemption
 I planned each charted course
 Each careful step along the byway
 And more, so much more than this
 I did it my way
 What is a man? What has he got?
 If not himself then he has not
 To say the things he truly feels
 And not the words of one who kneels, oh oh
 Let the record show, let it show you took some blows
 And did it your way
 Ah, tell me, what is a man? Oh, hear me now, what has he got?
 If he don't have himself, then let me leave you with it, he has not
 Anytime he cannot say the things that he truly feels
 And not the words of one who kneels
 So let him find out
 Let the record show, let it show you took some blows
 And did it your way, oh your way"
543bCW2ruMPmxUBWirQ3MR,Cross Me (feat. Chance the Rapper & PnB Rock),2019,Pop,6,1,3,0,1,joy,"Anything she she need, she can call me
Don't worry 'bout her, that's my seed
Dang that's all me
Just know if you cross her
Then you cross me, cross me
If you, if you, if you
Anything she need, she can call me
Don't worry 'bout her, that's my seed
Dang that's all me
Just know if you cross her
Then you cross me
If you, if you, if you
She is messing with no other man
Me and her have something different
I really need all you to understand
That nobody's coming close
And I don't ever wanna run around
I spent my youth jumping in and out
But you know i fucking love her now
Like nobody ever could, you know
Stay stripping am i crazy oh no
I'm sticking with my baby, for sure
Together or solo
It doesn't matter where we are, oh no-no
So if you hear about my lady, just know
That she ain't the one to play with, oh no
And i'll be standing so close
So you know that, hey
Anything she need she can call me
Don't worry 'bout her that's my seed
Dang that's all me
Just know if you cross her then cross me, cross me
If you, if you, if you
If you cross her
Then you cross me
Nobody's coming close, yeah
And I think that you should that
If you cross her
Then you cross me
So come on and let it go
Oh i think that you should know
She ain't messing with no other man
Now what you not gon' do
Is stand there cross from me like you got kung-fu
Death stare, crossed arms, running your mouth like a faucet
But you don't know that my girl been doing crossfit
Kung pow! get your ass with a cross kick
Blowing air out, wear y'all out, you exhausted
Know she's gonna slide anytime you bitches talk shit
Keep lil' blade in her
Fucking up cross kit, yay
No one say hi to me without her
Better pay your respect to the queen
Better do that shit without a flirt
Gotta to respect h.b.i.c
Couple of things that you need to know
If you still wanna be friends with me
Just know that if you cross her
Then you cross, cross me
If you, if you, if you
If you cross her
Then you cross me
Nobody's coming close, yeah
And i think that you should know that
If you cross her
Then you cross me
So come on and let go
Oh i think that you should know
She stay trippin' and she is crazy, oh no
Quit messing with my baby, for sure
Together or solo
It doesn't matter where we are, oh no-no
So if you hear about my lady just know that
She ain't the one to play with, oh no
And i'll be standing so close
So you know that
If you cross her
Then you cross me
Nobody's coming close, yeah
And i think think that you should know, that
If you cross her
Then you cross me
So come on and let it go
Oh i think that you should know
If you cross her
Then you cross me
Just know that if you cross her then you cross me
Cross me, cross me, cross me, oh-yeah"
07wsr8b3h0n18wBeyZU0ht,My Other Side,2019,Pop,1,3,0,0,0,sadness,"In tiny room surround
I live with these walls alone
Looking at mirror, talking to self
Hiding all pain behind
People have seen me sing in halo lights
They imagine me class so hifi
But they don't know the other side
You don't know my other side

Happiness I am looking for
In this lonely searching soul
With only music which doesn't talk to me ever
But tells me what I want to hear
Like an empty glass my life
Like an empty glass
Like an empty glass

I'm lost alone, alone
In tiny room surround

In tiny room surround
I live with these walls alone
Looking at mirror, talking to self
Hiding all pain behind
People have seen me sing in halo lights
They imagine me class so hifi
But they don't know the other side
You don't know my other side"
2pfie4H3j2RbeYuAsmojRv,Eternal Warrior,2019,Rock,0,2,4,0,0,anger,"Standing in the howling rain
You've been waiting for the wind of change
You will never be the same, beware the hurricane

Crawling in the endless pain
You've been waiting for the ringing bell
You will never be the same, time to move on

Faster than the speed of sound
Got a vision for the higher ground
No time to lose, follow the morning sun

Higher than the stars you found
Got a reason to believe yourself
And rewrite the fate, you will win the game

Darkest days are gone
No more escaping, nor hiding, you know what you need
Wake up from your dream

Now you're on your own
You are the keeper, revenger and guide of your soul
Who opens that door

You'll survive, you'll never die
Standing warriors
With despair, world's so unfair
Crawling warriors

Into the nightmare
Into the fire

Standing in the howling rain
You were born to be a bird of prey
Drag'em all the way, you eat'em and pray

Brighter than a flash of light
You got a reason to believe again
And rewrite the fate, you will win the game

Darkest days are gone
No more escaping, nor hiding, you know what you need
Wake up from your dream

Now you're on your own
You are the keeper, revenger and guide of your soul
Who opens that door

You'll survive, you'll never die
Standing warriors
With despair, world's so unfair
Crawling warriors

Into the nightmare
Into the heat of fire"
3ZznDRLojMv5oWkeuvGSFR,Stay (feat. Dana Williams),2019,Hip-Hop,3,0,0,0,0,joy,"It never turns out the way you think
 But after the years of daydreaming
 I found someone who makes me feel
 Someone who gives my life meaning
 (Someone who gives my life meaning)
 It never turns out the way you think
 But after the years of daydreaming
 I found someone who makes me feel
 Someone who gives my life meaning
 Your arms around me
 I feel so sure about it
 Your heart surrounds me
 I feel so pure
 Tell me you wanna stay
 ♪
 I could try to write it down
 But my words can't describe the way I feel
 One look in your eyes and then I drown
 In the depth of your soul without a sound
 Your arms around me
 I feel so sure about it
 Your heart surrounds me
 I feel so pure
 Tell me you wanna stay"
